"Rank","Player","REC","TGT","YDS","Y/R","LG","20+","TD","ATT","YDS","TD","FL","G","FPTS","FPTS/G","ROST"
"1","Elijah Moore (NYJ)","7","8","84","12.0","26","0","2","0","0","0","0","1","23.9","23.9","90.1%"
"2","DeVonta Smith (PHI)","5","6","116","23.2","28","0","1","0","0","0","0","1","20.1","20.1","90.7%"
"3","Olamide Zaccheaus (ATL)","3","3","58","19.3","49","0","2","0","0","0","0","1","19.3","19.3","0.8%"
"4","Darnell Mooney (CHI)","3","6","41","13.7","20","0","1","1","15","1","0","1","19.1","19.1","92.3%"
"5","Malik Turner (SF)","5","7","33","6.6","11","0","2","0","0","0","0","1","17.8","17.8","0.0%"
"6","Tim Patrick (DEN)","4","5","85","21.3","44","0","1","0","0","0","0","1","16.5","16.5","28.2%"
"7","Keenan Allen (LAC)","12","13","104","8.7","18","0","0","0","0","0","0","1","16.4","16.4","99.7%"
"8","Marquise Brown (ARI)","9","12","116","12.9","22","0","0","0","0","0","0","1","16.1","16.1","94.2%"
"9","Brandon Aiyuk (SF)","6","8","89","14.8","22","0","1","1","-2","0","1","1","15.7","15.7","87.1%"
"10","Donovan Peoples-Jones (CLE)","2","3","86","43.0","60","0","1","0","0","0","0","1","15.6","15.6","5.1%"
"11","Justin Jefferson (MIN)","3","5","69","23.0","50","0","1","1","11","0","0","1","15.5","15.5","99.9%"
"12","Cooper Kupp (LAR)","11","13","95","8.6","17","0","0","0","0","0","0","1","15.0","15.0","100.0%"
"13","Michael Pittman Jr. (IND)","5","6","64","12.8","19","0","1","0","0","0","0","1","14.9","14.9","98.4%"
"14","Hunter Renfrow (LV)","7","9","49","7.0","20","0","1","0","0","0","0","1","14.4","14.4","92.1%"
"15","Robert Woods (TEN)","7","10","98","14.0","22","0","0","1","6","0","0","1","13.9","13.9","79.4%"
"16","Christian Kirk (JAC)","6","6","91","15.2","50","0","0","0","0","0","0","1","13.4","13.4","78.1%"
"17","Jaylen Waddle (MIA)","8","10","83","10.4","17","0","0","0","0","0","0","1","12.3","12.3","99.1%"
"18","Stefon Diggs (BUF)","6","8","85","14.2","28","0","0","0","0","0","0","1","11.5","11.5","99.9%"
"19","Tee Higgins (CIN)","6","8","78","13.0","20","0","0","0","0","0","0","1","10.8","10.8","98.9%"
"20","Marquez Callaway (NO)","3","6","25","8.3","15","0","1","0","0","0","0","1","10.0","10.0","2.5%"
"21","Kenny Stills (FA)","2","5","30","15.0","22","0","1","0","0","0","0","1","10.0","10.0","0.0%"
"22","Russell Gage (TB)","7","8","64","9.1","20","0","0","0","0","0","0","1","9.9","9.9","83.9%"
"23","Jerry Jeudy (DEN)","6","8","69","11.5","25","0","0","0","0","0","0","1","9.9","9.9","93.8%"
"24","Mack Hollins (LV)","3","6","22","7.3","10","0","1","0","0","0","0","1","9.7","9.7","0.1%"
"25","Diontae Johnson (PIT)","5","6","56","11.2","22","0","0","2","11","0","0","1","9.2","9.2","97.8%"
"26","Keelan Cole Sr. (LV)","5","8","66","13.2","18","0","0","0","0","0","0","1","9.1","9.1","0.6%"
"27","Allen Robinson II (LAR)","4","6","68","17.0","39","0","0","0","0","0","0","1","8.8","8.8","91.9%"
"28","Deebo Samuel (SF)","5","9","63","12.6","32","0","0","0","0","0","0","1","8.8","8.8","99.9%"
"29","Brandin Cooks (HOU)","6","14","56","9.3","10","0","0","0","0","0","0","1","8.6","8.6","94.1%"
"30","Emmanuel Sanders (BUF)","4","8","65","16.3","22","0","0","0","0","0","0","1","8.5","8.5","1.3%"
"31","Allen Lazard (GB)","1","1","20","20.0","20","0","1","0","0","0","0","1","8.5","8.5","82.5%"
"32","Deonte Harris (NO)","6","8","52","8.7","19","0","0","0","0","0","0","1","8.2","8.2","1.7%"
"33","Zach Pascal (PHI)","4","7","58","14.5","31","0","0","0","0","0","0","1","7.8","7.8","0.8%"
"34","Devin Duvernay (BAL)","2","2","8","4.0","5","0","1","0","0","0","0","1","7.8","7.8","4.3%"
"35","Rashod Bateman (BAL)","5","8","52","10.4","15","0","0","0","0","0","0","1","7.7","7.7","90.0%"
"36","Antoine Wesley (ARI)","3","3","62","20.7","33","0","0","0","0","0","0","1","7.7","7.7","0.2%"
"37","Adam Thielen (MIN)","2","7","6","3.0","5","0","1","0","0","0","0","1","7.6","7.6","91.0%"
"38","Cole Beasley (FA)","8","11","33","4.1","9","0","0","0","0","0","0","1","7.3","7.3","1.9%"
"39","Davante Adams (LV)","6","14","42","7.0","14","0","0","0","0","0","0","1","7.2","7.2","99.9%"
"40","Mike Williams (LAC)","2","5","58","29.0","49","0","0","0","0","0","0","1","6.8","6.8","96.0%"
"41","Tre'Quan Smith (NO)","3","4","53","17.7","20","0","0","0","0","0","0","1","6.8","6.8","1.3%"
"42","A.J. Brown (PHI)","5","11","42","8.4","16","0","0","0","0","0","0","1","6.7","6.7","99.7%"
"43","Randall Cobb (GB)","3","5","50","16.7","35","0","0","0","0","0","0","1","6.5","6.5","4.4%"
"44","Danny Amendola (FA)","3","7","49","16.3","39","0","0","0","0","0","0","1","6.4","6.4","0.1%"
"45","Jamison Crowder (BUF)","5","7","38","7.6","12","0","0","0","0","0","0","1","6.3","6.3","21.1%"
"46","DJ Moore (CAR)","3","7","32","10.7","13","0","0","2","14","0","0","1","6.1","6.1","97.7%"
"47","James Washington (DAL)","1","3","42","42.0","42","0","0","2","13","0","0","1","6.0","6.0","3.2%"
"48","Ja'Marr Chase (CIN)","6","13","49","8.2","15","0","0","2","0","0","1","1","5.9","5.9","99.9%"
"49","Chase Claypool (PIT)","3","5","30","10.0","26","0","0","2","13","0","0","1","5.8","5.8","84.5%"
"50","Van Jefferson (LAR)","3","7","41","13.7","20","0","0","0","0","0","0","1","5.6","5.6","21.1%"
"51","Marquise Goodwin (SEA)","1","4","50","50.0","50","0","0","0","0","0","0","1","5.5","5.5","0.1%"
"52","Julio Jones (FA)","4","4","35","8.8","13","0","0","0","0","0","0","1","5.5","5.5","12.7%"
"53","Jeff Smith (NYJ)","3","4","40","13.3","14","0","0","0","0","0","0","1","5.5","5.5","0.0%"
"54","Jamal Agnew (JAC)","3","5","27","9.0","23","0","0","1","11","0","0","1","5.3","5.3","0.7%"
"55","Tyreek Hill (MIA)","4","11","37","9.3","13","0","0","1","-4","0","0","1","5.3","5.3","99.9%"
"56","Rondale Moore (ARI)","5","5","25","5.0","9","0","0","0","0","0","0","1","5.0","5.0","38.0%"
"57","Kendrick Bourne (NE)","3","4","34","11.3","18","0","0","0","0","0","0","1","4.9","4.9","7.5%"
"58","Chris Conley (HOU)","2","3","38","19.0","23","0","0","0","0","0","0","1","4.8","4.8","0.4%"
"59","Amari Cooper (CLE)","2","5","37","18.5","32","0","0","0","0","0","0","1","4.7","4.7","95.7%"
"60","Kendall Hinton (DEN)","1","1","40","40.0","40","0","0","0","0","0","0","1","4.5","4.5","0.1%"
"61","Nico Collins (HOU)","3","3","25","8.3","11","0","0","0","0","0","0","1","4.0","4.0","5.1%"
"62","Laviska Shenault Jr. (JAC)","4","4","24","6.0","9","0","0","1","-4","0","0","1","4.0","4.0","4.3%"
"63","Kenny Golladay (NYG)","2","3","28","14.0","14","0","0","0","0","0","0","1","3.8","3.8","55.4%"
"64","Cedrick Wilson Jr. (MIA)","2","5","28","14.0","24","0","0","0","0","0","0","1","3.8","3.8","2.5%"
"65","Marvin Jones Jr. (JAC)","3","5","21","7.0","12","0","0","0","0","0","0","1","3.6","3.6","21.3%"
"66","Mecole Hardman (KC)","3","6","20","6.7","9","0","0","0","0","0","0","1","3.5","3.5","56.5%"
"67","Courtland Sutton (DEN)","1","2","9","9.0","9","0","0","0","0","0","0","1","3.4","3.4","93.7%"
"68","Ashton Dulin (IND)","2","2","23","11.5","17","0","0","0","0","0","0","1","3.3","3.3","0.1%"
"69","CeeDee Lamb (DAL)","2","9","23","11.5","18","0","0","0","0","0","0","1","3.3","3.3","99.8%"
"70","Joshua Palmer (LAC)","2","2","22","11.0","15","0","0","0","0","0","0","1","3.2","3.2","7.8%"
"71","Marquez Valdes-Scantling (KC)","2","2","19","9.5","16","0","0","0","0","0","0","1","2.9","2.9","56.8%"
"72","Jarvis Landry (NO)","3","5","11","3.7","7","0","0","1","0","0","0","1","2.6","2.6","49.8%"
"73","Denzel Mims (NYJ)","1","5","20","20.0","20","0","0","0","0","0","0","1","2.5","2.5","0.7%"
"74","Zay Jones (JAC)","1","4","20","20.0","20","0","0","0","0","0","0","1","2.5","2.5","1.4%"
"75","K.J. Osborn (MIN)","1","2","20","20.0","20","0","0","0","0","0","0","1","2.5","2.5","7.3%"
"76","Jalen Guyton (LAC)","1","2","19","19.0","19","0","0","0","0","0","0","1","2.4","2.4","1.3%"
"77","Mike Thomas (CIN)","1","1","16","16.0","16","0","0","0","0","0","0","1","2.1","2.1","0.1%"
"78","Isaiah McKenzie (BUF)","2","2","10","5.0","9","0","0","0","0","0","0","1","2.0","2.0","2.4%"
"79","Anthony Schwartz (CLE)","1","1","15","15.0","15","0","0","0","0","0","0","1","2.0","2.0","1.0%"
"80","Nick Westbrook-Ikhine (TEN)","1","1","14","14.0","14","0","0","0","0","0","0","1","1.9","1.9","2.2%"
"81","Quez Watkins (PHI)","2","3","9","4.5","7","0","0","0","0","0","0","1","1.9","1.9","1.4%"
"82","Kirk Merritt (NO)","1","3","13","13.0","13","0","0","0","0","0","0","1","1.8","1.8","0.0%"
"83","Tajae Sharpe (CHI)","1","1","12","12.0","12","0","0","0","0","0","0","1","1.7","1.7","0.1%"
"84","Albert Wilson (MIN)","1","2","11","11.0","11","0","0","0","0","0","0","1","1.6","1.6","0.0%"
"85","Tyler Boyd (CIN)","1","2","11","11.0","11","0","0","0","0","0","0","1","1.6","1.6","52.0%"
"86","Braxton Berrios (NYJ)","2","3","5","2.5","5","0","0","0","0","0","0","1","1.5","1.5","4.8%"
"87","Jakobi Meyers (NE)","1","4","8","8.0","8","0","0","0","0","0","0","1","1.3","1.3","65.2%"
"88","Dezmon Patmon (IND)","1","1","7","7.0","7","0","0","0","0","0","0","1","1.2","1.2","0.0%"
"89","Kadarius Toney (NYG)","1","1","9","9.0","9","0","0","1","-2","0","0","1","1.2","1.2","70.9%"
"90","Willie Snead IV (FA)","1","2","6","6.0","6","0","0","0","0","0","0","1","1.1","1.1","0.0%"
"91","Mohamed Sanu Sr. (FA)","1","3","5","5.0","5","0","0","0","0","0","0","1","1.0","1.0","0.0%"
"92","Chris Moore (HOU)","1","1","4","4.0","4","0","0","0","0","0","0","1","0.9","0.9","0.0%"
"93","Andre Roberts (CAR)","0","0","0","0","0","0","0","1","9","0","0","1","0.9","0.9","0.1%"
"94","Robbie Anderson (CAR)","1","3","2","2.0","2","0","0","0","0","0","0","1","0.7","0.7","14.6%"
"95","Demarcus Robinson (LV)","1","1","2","2.0","2","0","0","0","0","0","0","1","0.7","0.7","0.8%"
"96","Joe Reed (LAC)","0","0","0","0","0","0","0","0","0","0","0","0","0","0","0.0%"
"97","Juwan Green (TEN)","0","0","0","0","0","0","0","0","0","0","0","0","0","0","0.0%"
"98","Charleston Rambo (CAR)","0","0","0","0","0","0","0","0","0","0","0","0","0","0","0.0%"
"99","Tarik Black (NYJ)","0","0","0","0","0","0","0","0","0","0","0","0","0","0","0.0%"
"100","Easop Winston Jr. (NO)","0","0","0","0","0","0","0","0","0","0","0","0","0","0","0.0%"
"101","Tyler Vaughns (PIT)","0","0","0","0","0","0","0","0","0","0","0","0","0","0","0.0%"
"102","Ja'Marcus Bradley (CLE)","0","0","0","0","0","0","0","0","0","0","0","0","0","0","0.0%"
"103","Josh Hammond (PHI)","0","0","0","0","0","0","0","0","0","0","0","0","0","0","0.0%"
"104","DeMichael Harris (IND)","0","0","0","0","0","0","0","0","0","0","0","0","0","0","0.0%"
"105","Quintez Cephus (DET)","0","0","0","0","0","0","0","0","0","0","0","0","0","0","0.7%"
"106","Gabriel Davis (BUF)","0","2","0","0","0","0","0","0","0","0","0","1","0.0","0.0","91.3%"
"107","Kalija Lipscomb (TEN)","0","0","0","0","0","0","0","0","0","0","0","0","0","0","0.0%"
"108","Jauan Jennings (SF)","0","0","0","0","0","0","0","0","0","0","0","0","0","0","1.0%"
"109","Mason Kinsey (TEN)","0","0","0","0","0","0","0","0","0","0","0","0","0","0","0.0%"
"110","Trishton Jackson (MIN)","0","0","0","0","0","0","0","0","0","0","0","0","0","0","0.0%"
"111","Tyrie Cleveland (DEN)","0","0","0","0","0","0","0","0","0","0","0","0","0","0","0.0%"
"112","Justyn Ross (KC)","0","0","0","0","0","0","0","0","0","0","0","0","0","0","2.5%"
"113","Isaiah Hodgins (BUF)","0","0","0","0","0","0","0","0","0","0","0","0","0","0","0.0%"
"114","Austin Mack (SF)","0","0","0","0","0","0","0","0","0","0","0","0","0","0","0.0%"
"115","Lawrence Cager (NYJ)","0","0","0","0","0","0","0","0","0","0","0","0","0","0","0.0%"
"116","Aaron Fuller (SEA)","0","0","0","0","0","0","0","0","0","0","0","0","0","0","0.0%"
"117","Chris Finke (CHI)","0","0","0","0","0","0","0","0","0","0","0","0","0","0","0.0%"
"118","Tylan Wallace (BAL)","0","0","0","0","0","0","0","0","0","0","0","0","0","0","0.7%"
"119","Aaron Parker (KC)","0","0","0","0","0","0","0","0","0","0","0","0","0","0","0.0%"
"120","Isaiah Coulter (CHI)","0","0","0","0","0","0","0","0","0","0","0","0","0","0","0.0%"
"121","Antonio Gandy-Golden (WAS)","0","0","0","0","0","0","0","0","0","0","0","0","0","0","0.1%"
"122","Malcolm Perry (NE)","0","0","0","0","0","0","0","0","0","0","0","0","0","0","0.0%"
"123","Freddie Swain (SEA)","0","0","0","0","0","0","0","0","0","0","0","0","0","0","0.2%"
"124","Cody White (PIT)","0","0","0","0","0","0","0","0","0","0","0","1","0.0","0.0","0.1%"
"125","Amon-Ra St. Brown (DET)","0","0","0","0","0","0","0","0","0","0","0","0","0","0","94.6%"
"126","Lynn Bowden Jr. (MIA)","0","0","0","0","0","0","0","0","0","0","0","0","0","0","0.1%"
"127","Rysen John (CHI)","0","0","0","0","0","0","0","0","0","0","0","0","0","0","0.0%"
"128","Kristian Wilkerson (NE)","0","0","0","0","0","0","0","0","0","0","0","0","0","0","0.0%"
"129","Jaylon Moore (BAL)","0","0","0","0","0","0","0","0","0","0","0","0","0","0","0.0%"
"130","Scotty Washington (CIN)","0","0","0","0","0","0","0","0","0","0","0","0","0","0","0.0%"
"131","John Hightower (PHI)","0","0","0","0","0","0","0","0","0","0","0","1","0.0","0.0","0.0%"
"132","Binjimen Victor (BAL)","0","0","0","0","0","0","0","0","0","0","0","0","0","0","0.0%"
"133","Omar Bayless (KC)","0","0","0","0","0","0","0","0","0","0","0","0","0","0","0.0%"
"134","James Proche II (BAL)","0","0","0","0","0","0","0","0","0","0","0","0","0","0","0.7%"
"135","Willie Johnson (JAC)","0","0","0","0","0","0","0","0","0","0","0","0","0","0","0.0%"
"136","J.J. Koski (LAR)","0","0","0","0","0","0","0","0","0","0","0","1","0.0","0.0","0.0%"
"137","Seth Williams (DEN)","0","0","0","0","0","0","0","0","0","0","0","0","0","0","0.1%"
"138","Marquez Stevenson (BUF)","0","0","0","0","0","0","0","0","0","0","0","0","0","0","0.1%"
"139","Amari Rodgers (GB)","0","0","0","0","0","0","0","0","0","0","0","1","0.0","0.0","2.7%"
"140","Shi Smith (CAR)","0","0","0","0","0","0","0","0","0","0","0","0","0","0","0.1%"
"141","Tutu Atwell (LAR)","0","0","0","0","0","0","0","0","0","0","0","0","0","0","0.9%"
"142","Reggie Roberson Jr. (TEN)","0","0","0","0","0","0","0","0","0","0","0","0","0","0","0.0%"
"143","Dazz Newsome (CHI)","0","0","0","0","0","0","0","0","0","0","0","0","0","0","0.1%"
"144","T.J. Vasher (DAL)","0","0","0","0","0","0","0","0","0","0","0","0","0","0","0.1%"
"145","Dyami Brown (WAS)","0","0","0","0","0","0","0","0","0","0","0","0","0","0","1.4%"
"146","Dez Fitzpatrick (TEN)","0","0","0","0","0","0","0","0","0","0","0","0","0","0","0.2%"
"147","Chris Olave (NO)","0","0","0","0","0","0","0","0","0","0","0","0","0","0","73.7%"
"148","Pooka Williams Jr. (CIN)","0","0","0","0","0","0","0","0","0","0","0","0","0","0","0.0%"
"149","Dan Chisena (MIN)","0","0","0","0","0","0","0","0","0","0","0","0","0","0","0.0%"
"150","Andre Baccellia (ARI)","0","0","0","0","0","0","0","0","0","0","0","0","0","0","0.0%"
"151","Maurice Ffrench (LAC)","0","0","0","0","0","0","0","0","0","0","0","0","0","0","0.0%"
"152","Jeff Cotton (JAC)","0","0","0","0","0","0","0","0","0","0","0","0","0","0","0.0%"
"153","Ihmir Smith-Marsette (MIN)","0","0","0","0","0","0","0","0","0","0","0","0","0","0","0.2%"
"154","KJ Hamler (DEN)","0","0","0","0","0","0","0","0","0","0","0","0","0","0","2.1%"
"155","Cam Sims (WAS)","0","0","0","0","0","0","0","0","0","0","0","0","0","0","0.1%"
"156","Rico Gafford (GB)","0","0","0","0","0","0","0","0","0","0","0","0","0","0","0.0%"
"157","Jordan Veasy (LV)","0","0","0","0","0","0","0","0","0","0","0","0","0","0","0.0%"
"158","Cameron Batson (ATL)","0","0","0","0","0","0","0","0","0","0","0","0","0","0","0.0%"
"159","Trent Sherfield (MIA)","0","0","0","0","0","0","0","0","0","0","0","0","0","0","0.1%"
"160","Keith Kirkwood (CAR)","0","0","0","0","0","0","0","0","0","0","0","0","0","0","0.0%"
"161","Chad Beebe (HOU)","0","0","0","0","0","0","0","0","0","0","0","0","0","0","0.0%"
"162","KhaDarel Hodge (ATL)","0","0","0","0","0","0","0","0","0","0","0","0","0","0","0.1%"
"163","Deontez Alexander (SEA)","0","0","0","0","0","0","0","0","0","0","0","0","0","0","0.0%"
"164","Christian Blake (ARI)","0","0","0","0","0","0","0","0","0","0","0","1","0.0","0.0","0.0%"
"165","N'Keal Harry (NE)","0","0","0","0","0","0","0","0","0","0","0","0","0","0","0.7%"
"166","Richie James Jr. (NYG)","0","0","0","0","0","0","0","0","0","0","0","0","0","0","0.1%"
"167","Daurice Fountain (KC)","0","0","0","0","0","0","0","0","0","0","0","0","0","0","0.0%"
"168","Keke Coutee (IND)","0","0","0","0","0","0","0","0","0","0","0","0","0","0","0.1%"
"169","Robert Foster (NYG)","0","0","0","0","0","0","0","0","0","0","0","0","0","0","0.0%"
"170","Javon Wims (CLE)","0","0","0","0","0","0","0","0","0","0","0","0","0","0","0.0%"
"171","Equanimeous St. Brown (CHI)","0","0","0","0","0","0","0","0","0","0","0","0","0","0","0.2%"
"172","Auden Tate (ATL)","0","0","0","0","0","0","0","0","0","0","0","0","0","0","0.2%"
"173","DJ Chark Jr. (DET)","0","0","0","0","0","0","0","0","0","0","0","0","0","0","28.6%"
"174","Jester Weah (CHI)","0","0","0","0","0","0","0","0","0","0","0","0","0","0","0.0%"
"175","Trey Quinn (DEN)","0","0","0","0","0","0","0","0","0","0","0","0","0","0","0.0%"
"176","Dante Pettis (CHI)","0","0","0","0","0","0","0","0","0","0","0","0","0","0","0.1%"
"177","Deon Cain (PHI)","0","0","0","0","0","0","0","0","0","0","0","0","0","0","0.0%"
"178","Austin Proehl (NYG)","0","0","0","0","0","0","0","0","0","0","0","0","0","0","0.0%"
"179","Brandon Powell (LAR)","0","0","0","0","0","0","0","0","0","0","0","0","0","0","0.1%"
"180","Byron Pringle (CHI)","0","0","0","0","0","0","0","0","0","0","0","0","0","0","2.3%"
"181","Vyncint Smith (TB)","0","0","0","0","0","0","0","0","0","0","0","0","0","0","0.0%"
"182","Justin Watson (KC)","0","0","0","0","0","0","0","0","0","0","0","0","0","0","0.1%"
"183","DK Metcalf (SEA)","0","0","0","0","0","0","0","0","0","0","0","0","0","0","97.4%"
"184","Kelvin Harmon (WAS)","0","0","0","0","0","0","0","0","0","0","0","0","0","0","0.0%"
"185","Kabion Ento (GB)","0","0","0","0","0","0","0","0","0","0","0","0","0","0","0.0%"
"186","Nsimba Webster (CHI)","0","0","0","0","0","0","0","0","0","0","0","0","0","0","0.0%"
"187","Alex Bachman (NYG)","0","0","0","0","0","0","0","0","0","0","0","0","0","0","0.0%"
"188","Jody Fortson (KC)","0","0","0","0","0","0","0","0","0","0","0","0","0","0","0.1%"
"189","Trinity Benson (DET)","0","0","0","0","0","0","0","0","0","0","0","0","0","0","0.0%"
"190","Tyron Johnson (LV)","0","0","0","0","0","0","0","0","0","0","0","0","0","0","0.1%"
"191","Penny Hart (SEA)","0","0","0","0","0","0","0","0","0","0","0","0","0","0","0.0%"
"192","Jason Moore Jr. (LAC)","0","0","0","0","0","0","0","0","0","0","0","0","0","0","0.1%"
"193","Trenton Irwin (CIN)","0","0","0","0","0","0","0","0","0","0","0","0","0","0","0.0%"
"194","Gunner Olszewski (PIT)","0","0","0","0","0","0","0","0","0","0","0","1","0.0","0.0","0.1%"
"195","Tom Kennedy (DET)","0","0","0","0","0","0","0","0","0","0","0","0","0","0","0.0%"
"196","D.J. Montgomery (NYJ)","0","0","0","0","0","0","0","0","0","0","0","0","0","0","0.0%"
"197","Steven Sims Jr. (PIT)","0","0","0","0","0","0","0","0","0","0","0","0","0","0","0.0%"
"198","Terry McLaurin (WAS)","0","0","0","0","0","0","0","0","0","0","0","0","0","0","98.0%"
"199","Parris Campbell (IND)","0","0","0","0","0","0","0","0","0","0","0","0","0","0","4.3%"
"200","Andy Isabella (ARI)","0","0","0","0","0","0","0","0","0","0","0","1","0.0","0.0","0.1%"
"201","Travis Fulgham (DEN)","0","0","0","0","0","0","0","0","0","0","0","0","0","0","0.1%"
"202","Collin Johnson (NYG)","0","0","0","0","0","0","0","0","0","0","0","0","0","0","0.1%"
"203","J.J. Arcega-Whiteside (PHI)","0","0","0","0","0","0","0","0","0","0","0","0","0","0","0.1%"
"204","Scotty Miller (TB)","0","0","0","0","0","0","0","0","0","0","0","0","0","0","0.1%"
"205","Bisi Johnson (MIN)","0","0","0","0","0","0","0","0","0","0","0","0","0","0","0.1%"
"206","Darius Slayton (NYG)","0","1","0","0","0","0","0","0","0","0","0","1","0.0","0.0","1.5%"
"207","Quinton Bell (ATL)","0","0","0","0","0","0","0","0","0","0","0","0","0","0","1.0%"
"208","Juwann Winfree (GB)","0","0","0","0","0","0","0","0","0","0","0","0","0","0","0.1%"
"209","Miles Boykin (PIT)","0","0","0","0","0","0","0","0","0","0","0","0","0","0","0.2%"
"210","Bryan Edwards (ATL)","0","4","0","0","0","0","0","0","0","0","0","1","0.0","0.0","2.7%"
"211","Tyler Johnson (TB)","0","0","0","0","0","0","0","0","0","0","0","0","0","0","0.8%"
"212","Stanley Morgan Jr. (CIN)","0","0","0","0","0","0","0","0","0","0","0","1","0.0","0.0","0.1%"
"213","KeeSean Johnson (SF)","0","0","0","0","0","0","0","0","0","0","0","0","0","0","0.0%"
"214","Davion Davis (HOU)","0","0","0","0","0","0","0","0","0","0","0","0","0","0","0.0%"
"215","Preston Williams (MIA)","0","0","0","0","0","0","0","0","0","0","0","0","0","0","0.2%"
"216","Lil'Jordan Humphrey (NE)","0","0","0","0","0","0","0","0","0","0","0","0","0","0","0.1%"
"217","Greg Dortch (ARI)","0","0","0","0","0","0","0","0","0","0","0","1","0.0","0.0","0.0%"
"218","David Sills V (NYG)","0","0","0","0","0","0","0","0","0","0","0","0","0","0","0.0%"
"219","Gary Jennings Jr. (KC)","0","0","0","0","0","0","0","0","0","0","0","0","0","0","0.0%"
"220","Keelan Doss (NYG)","0","0","0","0","0","0","0","0","0","0","0","0","0","0","0.0%"
"221","Cody Thompson (SEA)","0","0","0","0","0","0","0","0","0","0","0","0","0","0","0.0%"
"222","Dontario Drummond (DAL)","0","0","0","0","0","0","0","0","0","0","0","0","0","0","0.0%"
"223","Skyy Moore (KC)","0","0","0","0","0","0","0","0","0","0","0","0","0","0","61.4%"
"224","Kyle Philips (TEN)","0","0","0","0","0","0","0","0","0","0","0","0","0","0","0.7%"
"225","Slade Bolden (BAL)","0","0","0","0","0","0","0","0","0","0","0","0","0","0","0.0%"
"226","Christian Watson (GB)","0","0","0","0","0","0","0","0","0","0","0","0","0","0","65.6%"
"227","Samori Toure (GB)","0","0","0","0","0","0","0","0","0","0","0","0","0","0","0.1%"
"228","Corey Sutton (DET)","0","0","0","0","0","0","0","0","0","0","0","0","0","0","0.0%"
"229","Jerreth Sterns (TB)","0","0","0","0","0","0","0","0","0","0","0","0","0","0","0.0%"
"230","Jaquarii Roberson (DAL)","0","0","0","0","0","0","0","0","0","0","0","0","0","0","0.0%"
"231","Romeo Doubs (GB)","0","0","0","0","0","0","0","0","0","0","0","0","0","0","2.1%"
"232","Calvin Jackson Jr. (NYJ)","0","0","0","0","0","0","0","0","0","0","0","0","0","0","0.0%"
"233","Alec Pierce (IND)","0","0","0","0","0","0","0","0","0","0","0","0","0","0","16.4%"
"234","Jalen Tolbert (DAL)","0","0","0","0","0","0","0","0","0","0","0","0","0","0","10.0%"
"235","Erik Ezukanma (MIA)","0","0","0","0","0","0","0","0","0","0","0","0","0","0","0.2%"
"236","Khalil Shakir (BUF)","0","0","0","0","0","0","0","0","0","0","0","0","0","0","1.6%"
"237","Calvin Austin III (PIT)","0","0","0","0","0","0","0","0","0","0","0","0","0","0","1.1%"
"238","Brayden Lenius (ATL)","0","0","0","0","0","0","0","0","0","0","0","0","0","0","0.0%"
"239","Jameson Williams (DET)","0","0","0","0","0","0","0","0","0","0","0","0","0","0","49.9%"
"240","Travell Harris (CLE)","0","0","0","0","0","0","0","0","0","0","0","0","0","0","0.0%"
"241","Jalen Nailor (MIN)","0","0","0","0","0","0","0","0","0","0","0","0","0","0","0.1%"
"242","Kalil Pimpleton (DET)","0","0","0","0","0","0","0","0","0","0","0","0","0","0","0.0%"
"243","Jalen Virgil (DEN)","0","0","0","0","0","0","0","0","0","0","0","0","0","0","0.0%"
"244","Stanley Berryhill III (ATL)","0","0","0","0","0","0","0","0","0","0","0","0","0","0","0.0%"
"245","Tanner Conner (MIA)","0","0","0","0","0","0","0","0","0","0","0","0","0","0","0.0%"
"246","Velus Jones Jr. (CHI)","0","0","0","0","0","0","0","0","0","0","0","0","0","0","2.4%"
"247","Kaylon Geiger (TB)","0","0","0","0","0","0","0","0","0","0","0","0","0","0","0.0%"
"248","Josh Johnson (DET)","0","0","0","0","0","0","0","0","0","0","0","0","0","0","0.0%"
"249","Tyler Snead (PIT)","0","0","0","0","0","0","0","0","0","0","0","0","0","0","0.0%"
"250","Danny Gray (SF)","0","0","0","0","0","0","0","0","0","0","0","0","0","0","0.9%"
"251","DeVonte Dedmon (MIA)","0","0","0","0","0","0","0","0","0","0","0","0","0","0","0.0%"
"252","Deven Thompkins (TB)","0","0","0","0","0","0","0","0","0","0","0","0","0","0","0.0%"
"253","Thomas Hennigan (MIN)","0","0","0","0","0","0","0","0","0","0","0","0","0","0","0.0%"
"254","Bo Melton (SEA)","0","0","0","0","0","0","0","0","0","0","0","0","0","0","0.1%"
"255","Tay Martin (SF)","0","0","0","0","0","0","0","0","0","0","0","0","0","0","0.0%"
"256","Drake London (ATL)","0","0","0","0","0","0","0","0","0","0","0","0","0","0","85.5%"
"257","Mathew Sexton (KC)","0","0","0","0","0","0","0","0","0","0","0","0","0","0","0.0%"
"258","Simi Fehoko (DAL)","0","0","0","0","0","0","0","0","0","0","0","0","0","0","0.1%"
"259","David Bell (CLE)","0","0","0","0","0","0","0","0","0","0","0","0","0","0","9.5%"
"260","Terrace Marshall Jr. (CAR)","0","1","0","0","0","0","0","0","0","0","0","1","0.0","0.0","3.4%"
"261","Michael Bandy (LAC)","0","0","0","0","0","0","0","0","0","0","0","0","0","0","0.0%"
"262","Travis Toivonen (NYG)","0","0","0","0","0","0","0","0","0","0","0","0","0","0","0.0%"
"263","C.J. Saunders (CAR)","0","0","0","0","0","0","0","0","0","0","0","0","0","0","0.0%"
"264","Tim Jones (JAC)","0","0","0","0","0","0","0","0","0","0","0","0","0","0","0.0%"
"265","Dillon Stoner (LV)","0","0","0","0","0","0","0","0","0","0","0","1","0.0","0.0","0.0%"
"266","DJ Turner (LV)","0","0","0","0","0","0","0","0","0","0","0","0","0","0","0.0%"
"267","Racey McMath (TEN)","0","0","0","0","0","0","0","0","0","0","0","0","0","0","0.1%"
"268","Mike Strachan (IND)","0","0","0","0","0","0","0","0","0","0","0","0","0","0","0.1%"
"269","Landen Akers (LAR)","0","0","0","0","0","0","0","0","0","0","0","0","0","0","0.0%"
"270","Blake Proehl (MIN)","0","0","0","0","0","0","0","0","0","0","0","0","0","0","0.0%"
"271","Myron Mitchell (MIN)","0","0","0","0","0","0","0","0","0","0","0","0","0","0","0.0%"
"272","Brandon Smith (DAL)","0","0","0","0","0","0","0","0","0","0","0","0","0","0","0.1%"
"273","Kawaan Baker (NO)","0","0","0","0","0","0","0","0","0","0","0","0","0","0","0.0%"
"274","Tre Nixon (NE)","0","0","0","0","0","0","0","0","0","0","0","0","0","0","0.1%"
"275","Jalen Camp (HOU)","0","0","0","0","0","0","0","0","0","0","0","0","0","0","0.0%"
"276","Jahan Dotson (WAS)","0","0","0","0","0","0","0","0","0","0","0","0","0","0","41.4%"
"277","Lance McCutcheon (LAR)","0","0","0","0","0","0","0","0","0","0","0","0","0","0","0.0%"
"278","Kekoa Crawford (IND)","0","0","0","0","0","0","0","0","0","0","0","0","0","0","0.0%"
"279","Dennis Houston (DAL)","0","0","0","0","0","0","0","0","0","0","0","0","0","0","0.0%"
"280","Mike Harley Jr. (CLE)","0","0","0","0","0","0","0","0","0","0","0","0","0","0","0.0%"
"281","Jack Sorenson (CIN)","0","0","0","0","0","0","0","0","0","0","0","0","0","0","0.0%"
"282","Kendric Pryor (CIN)","0","0","0","0","0","0","0","0","0","0","0","0","0","0","0.0%"
"283","Kwamie Lassiter II (CIN)","0","0","0","0","0","0","0","0","0","0","0","0","0","0","0.0%"
"284","Neil Pau'u (BUF)","0","0","0","0","0","0","0","0","0","0","0","0","0","0","0.0%"
"285","Andre Miller (NYG)","0","0","0","0","0","0","0","0","0","0","0","0","0","0","0.0%"
"286","Rodney Williams (DEN)","0","0","0","0","0","0","0","0","0","0","0","0","0","0","0.0%"
"287","Tyreik McAllister (DEN)","0","0","0","0","0","0","0","0","0","0","0","0","0","0","0.0%"
"288","Kaden Davis (DEN)","0","0","0","0","0","0","0","0","0","0","0","0","0","0","0.0%"
"289","Raleigh Webb (BAL)","0","0","0","0","0","0","0","0","0","0","0","0","0","0","0.0%"
"290","Ethan Fernea (IND)","0","0","0","0","0","0","0","0","0","0","0","0","0","0","0.0%"
"291","Shemar Bridges (BAL)","0","0","0","0","0","0","0","0","0","0","0","0","0","0","0.0%"
"292","Kevin Shaa (CHI)","0","0","0","0","0","0","0","0","0","0","0","0","0","0","0.0%"
"293","Rashid Shaheed (NO)","0","0","0","0","0","0","0","0","0","0","0","0","0","0","0.0%"
"294","Tyshaun James (ATL)","0","0","0","0","0","0","0","0","0","0","0","0","0","0","0.0%"
"295","Jared Bernhardt (ATL)","0","0","0","0","0","0","0","0","0","0","0","0","0","0","0.0%"
"296","Lujuan Winningham (JAC)","0","0","0","0","0","0","0","0","0","0","0","0","0","0","0.0%"
"297","Samson Nacua (IND)","0","0","0","0","0","0","0","0","0","0","0","0","0","0","0.0%"
"298","Michael Young Jr. (IND)","0","0","0","0","0","0","0","0","0","0","0","0","0","0","0.0%"
"299","Brandon Lewis (TEN)","0","0","0","0","0","0","0","0","0","0","0","0","0","0","0.0%"
"300","Jared Smart (ARI)","0","0","0","0","0","0","0","0","0","0","0","0","0","0","0.0%"
"301","Ryan McDaniel (JAC)","0","0","0","0","0","0","0","0","0","0","0","0","0","0","0.0%"
"302","Keric Wheatfall (PHI)","0","0","0","0","0","0","0","0","0","0","0","0","0","0","0.0%"
"303","Kameron Brown (TB)","0","0","0","0","0","0","0","0","0","0","0","0","0","0","0.0%"
"304","Kevin Kassis (SEA)","0","0","0","0","0","0","0","0","0","0","0","0","0","0","0.0%"
"305","Irvin Charles (NYJ)","0","0","0","0","0","0","0","0","0","0","0","0","0","0","0.0%"
"306","Keshunn Abram (NYJ)","0","0","0","0","0","0","0","0","0","0","0","0","0","0","0.0%"
"307","Justin Hall (LV)","0","0","0","0","0","0","0","0","0","0","0","0","0","0","0.0%"
"308","Chris Pierce Jr. (ARI)","0","0","0","0","0","0","0","0","0","0","0","0","0","0","0.0%"
"309","Jontre Kirklin (ARI)","0","0","0","0","0","0","0","0","0","0","0","0","0","0","0.0%"
"310","Dai'Jean Dixon (NO)","0","0","0","0","0","0","0","0","0","0","0","0","0","0","0.0%"
"311","Isaiah Weston (CLE)","0","0","0","0","0","0","0","0","0","0","0","0","0","0","0.0%"
"312","Gerrit Prince (JAC)","0","0","0","0","0","0","0","0","0","0","0","0","0","0","0.0%"
"313","Britain Covey (PHI)","0","0","0","0","0","0","0","0","0","0","0","0","0","0","0.0%"
"314","Brandon Johnson (DEN)","0","0","0","0","0","0","0","0","0","0","0","0","0","0","0.0%"
"315","Jequez Ezzard (WAS)","0","0","0","0","0","0","0","0","0","0","0","0","0","0","0.0%"
"316","Taysir Mack (SF)","0","0","0","0","0","0","0","0","0","0","0","0","0","0","0.0%"
"317","Trevon Bradford (LAC)","0","0","0","0","0","0","0","0","0","0","0","0","0","0","0.0%"
"318","Johnny Johnson III (HOU)","0","0","0","0","0","0","0","0","0","0","0","0","0","0","0.0%"
"319","Braylon Sanders (MIA)","0","0","0","0","0","0","0","0","0","0","0","0","0","0","0.0%"
"320","JaVonta Payton (ARI)","0","0","0","0","0","0","0","0","0","0","0","0","0","0","0.0%"
"321","Danny Davis (GB)","0","0","0","0","0","0","0","0","0","0","0","0","0","0","0.0%"
"322","Kyric McGowan (WAS)","0","0","0","0","0","0","0","0","0","0","0","0","0","0","0.0%"
"323","Stone Smartt (LAC)","0","0","0","0","0","0","0","0","0","0","0","0","0","0","0.0%"
"324","Andrew Parchment (CAR)","0","0","0","0","0","0","0","0","0","0","0","0","0","0","0.0%"
"325","Ra'Shaun Henry (CAR)","0","0","0","0","0","0","0","0","0","0","0","0","0","0","0.0%"
"326","Derek Wright (CAR)","0","0","0","0","0","0","0","0","0","0","0","0","0","0","0.0%"
"327","Trevon Clark (BAL)","0","0","0","0","0","0","0","0","0","0","0","0","0","0","0.0%"
"328","Drew Estrada (HOU)","0","0","0","0","0","0","0","0","0","0","0","0","0","0","0.0%"
"329","Dareke Young (SEA)","0","0","0","0","0","0","0","0","0","0","0","0","0","0","0.0%"
"330","Montrell Washington (DEN)","0","0","0","0","0","0","0","0","0","0","0","0","0","0","0.1%"
"331","Devon Allen (PHI)","0","0","0","0","0","0","0","0","0","0","0","0","0","0","0.0%"
"332","Devon Williams (BAL)","0","0","0","0","0","0","0","0","0","0","0","0","0","0","0.0%"
"333","Calvin Ridley (ATL)","0","0","0","0","0","0","0","0","0","0","0","0","0","0","3.5%"
"334","George Pickens (PIT)","0","0","0","0","0","0","0","0","0","0","0","0","0","0","13.0%"
"335","Wan'Dale Robinson (NYG)","0","0","0","0","0","0","0","0","0","0","0","0","0","0","3.1%"
"336","Ty Fryfogle (DAL)","0","0","0","0","0","0","0","0","0","0","0","0","0","0","0.0%"
"337","Jaivon Heiligh (CIN)","0","0","0","0","0","0","0","0","0","0","0","0","0","0","0.0%"
"338","Garrett Wilson (NYJ)","0","0","0","0","0","0","0","0","0","0","0","0","0","0","69.4%"
"339","Kevin Austin Jr. (JAC)","0","0","0","0","0","0","0","0","0","0","0","0","0","0","0.0%"
"340","Makai Polk (BAL)","0","0","0","0","0","0","0","0","0","0","0","0","0","0","0.0%"
"341","Tyquan Thornton (NE)","0","0","0","0","0","0","0","0","0","0","0","0","0","0","1.8%"
"342","Treylon Burks (TEN)","0","0","0","0","0","0","0","0","0","0","0","0","0","0","74.4%"
"343","John Metchie III (HOU)","0","0","0","0","0","0","0","0","0","0","0","0","0","0","8.7%"
"344","Frank Darby (ATL)","0","0","0","0","0","0","0","0","0","0","0","0","0","0","0.1%"
"345","Warren Jackson (LAR)","0","0","0","0","0","0","0","0","0","0","0","0","0","0","0.0%"
"346","Ben Skowronek (LAR)","0","0","0","0","0","0","0","0","0","0","0","0","0","0","0.1%"
"347","Cornell Powell (KC)","0","0","0","0","0","0","0","0","0","0","0","0","0","0","0.1%"
"348","Cade Johnson (SEA)","0","0","0","0","0","0","0","0","0","0","0","0","0","0","0.0%"
"349","Dax Milne (WAS)","0","0","0","0","0","0","0","0","0","0","0","0","0","0","0.0%"
"350","Jaelon Darden (TB)","0","0","0","0","0","0","0","0","0","0","0","0","0","0","0.2%"
"351","Dee Eskridge (SEA)","0","0","0","0","0","0","0","0","0","0","0","0","0","0","1.1%"
"352","Michael Gallup (DAL)","0","0","0","0","0","0","0","0","0","0","0","0","0","0","62.4%"
"353","Josh Gordon (KC)","0","1","0","0","0","0","0","0","0","0","0","1","0.0","0.0","0.8%"
"354","DeAndre Hopkins (ARI)","0","0","0","0","0","0","0","0","0","0","0","0","0","0","91.3%"
"355","Demario Ballard (DET)","0","0","0","0","0","0","0","0","0","0","0","0","0","0","0.0%"
"356","Patrick Edwards (DET)","0","0","0","0","0","0","0","0","0","0","0","0","0","0","0.0%"
"357","Eron Riley (NYJ)","0","0","0","0","0","0","0","0","0","0","0","0","0","0","0.0%"
"358","Jordan Matthews (SF)","0","0","0","0","0","0","0","0","0","0","0","0","0","0","0.0%"
"359","Tavon Austin (BUF)","0","0","0","0","0","0","0","0","0","0","0","0","0","0","0.1%"
"360","Mike Evans (TB)","0","0","0","0","0","0","0","0","0","0","0","0","0","0","99.8%"
"361","Sammy Watkins (GB)","0","0","0","0","0","0","0","0","0","0","0","0","0","0","7.6%"
"362","Matthew Slater (NE)","0","0","0","0","0","0","0","0","0","0","0","1","0.0","0.0","0.0%"
"363","Marko Mitchell (MIN)","0","0","0","0","0","0","0","0","0","0","0","0","0","0","0.0%"
"364","Lance Long (SF)","0","0","0","0","0","0","0","0","0","0","0","0","0","0","0.0%"
"365","Kenny McKinley (DEN)","0","0","0","0","0","0","0","0","0","0","0","0","0","0","0.0%"
"366","Maurice Purify (CIN)","0","0","0","0","0","0","0","0","0","0","0","0","0","0","0.0%"
"367","Bobby Wade (WAS)","0","0","0","0","0","0","0","0","0","0","0","0","0","0","0.0%"
"368","Chris Henry (CIN)","0","0","0","0","0","0","0","0","0","0","0","0","0","0","0.0%"
"369","Onrea Jones (CHI)","0","0","0","0","0","0","0","0","0","0","0","0","0","0","0.0%"
"370","A.J. Green (ARI)","0","0","0","0","0","0","0","0","0","0","0","0","0","0","7.0%"
"371","Taj Smith (IND)","0","0","0","0","0","0","0","0","0","0","0","0","0","0","0.0%"
"372","Rod Harper (PHI)","0","0","0","0","0","0","0","0","0","0","0","0","0","0","0.0%"
"373","Nate Hughes (JAC)","0","0","0","0","0","0","0","0","0","0","0","0","0","0","0.0%"
"374","Mike Furrey (WAS)","0","0","0","0","0","0","0","0","0","0","0","0","0","0","0.0%"
"375","Sam Giguere (NYG)","0","0","0","0","0","0","0","0","0","0","0","0","0","0","0.0%"
"376","Marvin Hall (JAC)","0","0","0","0","0","0","0","0","0","0","0","0","0","0","0.0%"
"377","Kalif Raymond (DET)","0","0","0","0","0","0","0","0","0","0","0","0","0","0","0.7%"
"378","Chester Rogers (FA)","0","1","0","0","0","0","0","0","0","0","0","1","0.0","0.0","1.0%"
"379","JuJu Smith-Schuster (KC)","0","0","0","0","0","0","0","0","0","0","0","0","0","0","92.9%"
"380","Chris Godwin (TB)","0","0","0","0","0","0","0","0","0","0","0","0","0","0","94.2%"
"381","Corey Davis (NYJ)","0","0","0","0","0","0","0","0","0","0","0","0","0","0","24.7%"
"382","Marken Michel (WAS)","0","0","0","0","0","0","0","0","0","0","0","0","0","0","0.0%"
"383","Tommylee Lewis (MIA)","0","0","0","0","0","0","0","0","0","0","0","0","0","0","0.0%"
"384","Jake Lampman (NO)","0","0","0","0","0","0","0","0","0","0","0","0","0","0","0.0%"
"385","Alex Erickson (WAS)","0","0","0","0","0","0","0","0","0","0","0","1","0.0","0.0","0.0%"
"386","Cody Core (MIA)","0","0","0","0","0","0","0","0","0","0","0","0","0","0","0.0%"
"387","Rashard Higgins (CAR)","0","0","0","0","0","0","0","0","0","0","0","0","0","0","0.7%"
"388","Sterling Shepard (NYG)","0","0","0","0","0","0","0","0","0","0","0","0","0","0","5.0%"
"389","Geronimo Allison (ATL)","0","0","0","0","0","0","0","0","0","0","0","0","0","0","0.0%"
"390","Pharoh Cooper (FA)","0","0","0","0","0","0","0","0","0","0","0","1","0.0","0.0","0.0%"
"391","Cyril Grayson Jr. (TB)","0","0","0","0","0","0","0","0","0","0","0","0","0","0","0.1%"
"392","Anthony Miller (PIT)","0","0","0","0","0","0","0","0","0","0","0","0","0","0","0.1%"
"393","Brandon Zylstra (CAR)","0","0","0","0","0","0","0","0","0","0","0","0","0","0","0.1%"
"394","River Cracraft (MIA)","0","0","0","0","0","0","0","0","0","0","0","0","0","0","0.0%"
"395","Greg Ward (PHI)","0","0","0","0","0","0","0","0","0","0","0","1","0.0","0.0","0.1%"
"396","Josh Malone (TEN)","0","0","0","0","0","0","0","0","0","0","0","0","0","0","0.0%"
"397","Cody Hollister (TEN)","0","0","0","0","0","0","0","0","0","0","0","0","0","0","0.0%"
"398","Trent Taylor (CIN)","0","0","0","0","0","0","0","0","0","0","0","0","0","0","0.1%"
"399","Noah Brown (DAL)","0","1","0","0","0","0","0","0","0","0","0","1","0.0","0.0","0.2%"
"400","Josh Reynolds (DET)","0","0","0","0","0","0","0","0","0","0","0","0","0","0","1.3%"
"401","Dede Westbrook (FA)","0","1","0","0","0","0","0","0","0","0","0","1","0.0","0.0","0.0%"
"402","Amara Darboh (DEN)","0","0","0","0","0","0","0","0","0","0","0","0","0","0","0.0%"
"403","Curtis Samuel (WAS)","0","0","0","0","0","0","0","0","0","0","0","0","0","0","7.3%"
"404","Justin Hardee (NYJ)","0","0","0","0","0","0","0","0","0","0","0","1","0.0","0.0","0.0%"
"405","C.J. Board (NYG)","0","0","0","0","0","0","0","0","0","0","0","0","0","0","0.0%"
"406","David Moore (CHI)","0","0","0","0","0","0","0","0","0","0","0","0","0","0","0.0%"
"407","Tanner Gentry (BUF)","0","0","0","0","0","0","0","0","0","0","0","0","0","0","0.0%"
"408","Michael Thomas (NO)","0","0","0","0","0","0","0","0","0","0","0","0","0","0","92.8%"
"409","Diontae Spencer (FA)","0","0","0","0","0","0","0","0","0","0","0","1","0.0","0.0","0.0%"
"410","Kevin White (NO)","0","0","0","0","0","0","0","0","0","0","0","1","0.0","0.0","0.0%"
"411","DeVante Parker (NE)","0","0","0","0","0","0","0","0","0","0","0","0","0","0","35.6%"
"412","Allen Hurns (FA)","0","0","0","0","0","0","0","0","0","0","0","1","0.0","0.0","0.0%"
"413","Devin Funchess (DET)","0","0","0","0","0","0","0","0","0","0","0","0","0","0","0.0%"
"414","Nelson Agholor (NE)","0","0","0","0","0","0","0","0","0","0","0","1","0.0","0.0","2.0%"
"415","Corey Coleman (KC)","0","0","0","0","0","0","0","0","0","0","0","0","0","0","0.0%"
"416","Laquon Treadwell (JAC)","0","1","0","0","0","0","0","0","0","0","0","1","0.0","0.0","0.6%"
"417","DeAndre Carter (LAC)","0","0","0","0","0","0","0","0","0","0","0","0","0","0","0.6%"
"418","Phillip Dorsett II (HOU)","0","0","0","0","0","0","0","0","0","0","0","0","0","0","0.1%"
"419","Ty Montgomery (NE)","0","0","0","0","0","0","0","0","0","0","0","0","0","0","0.1%"
"420","Breshad Perriman (TB)","0","0","0","0","0","0","0","0","0","0","0","0","0","0","0.6%"
"421","Tyler Lockett (SEA)","0","0","0","0","0","0","0","0","0","0","0","0","0","0","91.6%"
"422","Damiere Byrd (ATL)","0","0","0","0","0","0","0","0","0","0","0","0","0","0","0.1%"
"423","Jalen Reagor (PHI)","1","1","-6","-6.0","0","0","0","0","0","0","0","1","-0.1","-0.1","1.5%"
"424","Ray-Ray McCloud (SF)","1","1","12","12.0","12","0","0","0","0","0","1","1","-0.3","-0.3","0.6%"
"425","Marcus Johnson (SF)","0","0","0","0","0","0","0","1","-7","0","0","1","-0.7","-0.7","0.0%"
"426","Jakeem Grant Sr. (CLE)","0","0","0","0","0","0","0","0","0","0","1","1","-2.0","-2.0","0.6%"
"427","Malik Taylor (GB)","0","0","0","0","0","0","0","0","0","0","1","1","-2.0","-2.0","0.0%"
""
""